afr	5	NielDLR	
afr	5	bccwil	
ara	5	Ameer	
ara	5	Asma	
ara	5	LOBD	
ara	5	Mohamed_Ahmed	
ara	5	alanood	
ara	5	motaamel	
ara	5	nolongerhuman	
ara	5	socom	
ara	5	spiritofwonder	
ara	5	theegyptian	
bel	5	Demetrius	
bel	5	Demetrius2	
bel	5	ihar	
bel	5	naXa	
bel	5	wizardist	
bel	5	zmila	
ben	5	rezwan	
ber	5	Amgaray	
ber	5	Djef_Messaoudi	
ber	5	LinaTamazight	
ber	5	NaravasMeksem	
bul	5	ednorog	
bul	5	katshi94	
bul	5	zerosoft	
cat	5	burnaron	
cat	5	calogero	
cat	5	guillembelmar	
cat	5	ynnck	
cat	5	ziggsmith	
ces	5	Hadrie	
ces	5	madvorak	
ces	5	mbm	
ces	5	vita	
chv	5	Dmitry_Stepanov	
cmn	5	Debbie_Linder	
cmn	5	Gustav249	
cmn	5	KerenDeng	
cmn	5	Martha	
cmn	5	Tajfun	
cmn	5	Venki	
cmn	5	asosan	
cmn	5	bingxiong	
cmn	5	bfsutian	
cmn	5	cienias	
cmn	5	cindycute	
cmn	5	fenfang557	
cmn	5	fucongcong	
cmn	5	hanchingame	
cmn	5	huangfen	
cmn	5	humihiro	
cmn	5	inkarl	
cmn	5	kanaorange	
cmn	5	kooler	
cmn	5	leoyzy	
cmn	5	mao	
cmn	5	moonoops	
cmn	5	mtdot	
cmn	5	sarah	
cmn	5	shirleyleee	
cmn	5	slqqqq	
cmn	5	suitchic	
cmn	5	sunnywqing	
cmn	5	vicch	
cmn	5	yss123231	
cmn	5	yuya	
cmn	5	yuzazaza	
dan	5	Jon	
dan	5	Roedgroed	
dan	5	christianandersen	
dan	5	medlem	
dan	5	tbrams	
dan	5	volhardt	
deu	5	Ahiru	
deu	5	Alois	
deu	5	Aru	
deu	5	Bellinger	
deu	5	Bernardo	
deu	5	BraveSentry	
deu	5	Chris	
deu	5	Dirk80	
deu	5	ELPHONY	
deu	5	Fingerhut	
deu	5	Guust	
deu	5	Haehnchenpaella	
deu	5	Huluk	
deu	5	Jan_Schreiber	
deu	5	Kerstin	
deu	5	Kiwisplit	
deu	5	Kleinchen42	
deu	5	Lars224	
deu	5	LdrummerBoy	
deu	5	MUIRIEL	
deu	5	Merle	
deu	5	MikeMolto	
deu	5	Miyako	
deu	5	Ole	
deu	5	Peanutfan	
deu	5	PeterR	
deu	5	Rekholder	
deu	5	Robroy	
deu	5	Saney	
deu	5	SeeVogel	
deu	5	Sprachprofi	
deu	5	Tickler	
deu	5	Tintling	
deu	5	Ullalia	
deu	5	UrbanPioneer	
deu	5	Wauzl	
deu	5	Wolf	
deu	5	annalog	
deu	5	boscowitch	
deu	5	cburgmer	
deu	5	chiyochan	
deu	5	cost	
deu	5	cumori	
deu	5	dima555	
deu	5	dinkel_girl	
deu	5	dubst3pp4	
deu	5	duke	
deu	5	eindounat	
deu	5	flitz	
deu	5	futureboy	
deu	5	hectorM	
deu	5	jast	
deu	5	jr	
deu	5	juwu	
deu	5	jxan	
deu	5	karstenenh	
deu	5	kaz71	
deu	5	konny	
deu	5	kriskelvin	
deu	5	laylai	
deu	5	lilygilder	
deu	5	list	
deu	5	mahannah	
deu	5	martikkk	
deu	5	mauersegler	
deu	5	meloncurtains	
deu	5	mfabian	
deu	5	mykee	
deu	5	nGerman	
deu	5	nemoli	
deu	5	nitrox26	
deu	5	oskar	
deu	5	poogle	
deu	5	popeofdiscordia	
deu	5	riotlake	
deu	5	roeschter	
deu	5	sencay	
deu	5	sigfrido	
deu	5	sinatra	
deu	5	stefz	
deu	5	stephie	
deu	5	stupiddog	
deu	5	tatomeimei	
deu	5	uschi	
deu	5	xeklat	
deu	5	xtofu80	
deu	5	ysmalan	
deu	5	yunyo	
ell	5	anmaretto	
ell	5	enteka	
eng	5	0ni	
eng	5	AOCinJAPAN	
eng	5	American	
eng	5	Anon	
eng	5	Aquatack	
eng	5	BE	
eng	5	Brian255	
eng	5	Brokahontis	
eng	5	CC	
eng	5	CF	
eng	5	CH	
eng	5	CN	
eng	5	CO	
eng	5	CP	
eng	5	Chromatic	
eng	5	Cindrogriza	
eng	5	Damari	
eng	5	DebbieT	
eng	5	Deerhound	
eng	5	Delian	
eng	5	Dottyeyes	
eng	5	Duck	
eng	5	Dunbab	
eng	5	ExplorationEng	
eng	5	Farvoyager	
eng	5	FlamingTofu	
eng	5	GPHemsley	
eng	5	GaryM	
eng	5	Gxejko	
eng	5	Harpagornes	
eng	5	HououinKyouma	
eng	5	IJamLegend	
eng	5	Ignoto	
eng	5	JSakuragi	
eng	5	Jane_Austen	
eng	5	JarHead54321	
eng	5	Jenn	
eng	5	Jonet	
eng	5	Jop	
eng	5	Kat	
eng	5	KiwiCreme	
eng	5	Koninda	
eng	5	KoreanBeaver	
eng	5	Liface	
eng	5	LishaR	
eng	5	LittleBoy	
eng	5	Marissa	
eng	5	MethodGT	
eng	5	Mouseneb	
eng	5	NekoKanjya	
eng	5	Nevado	
eng	5	NickC	
eng	5	OJR1	
eng	5	Plodder	
eng	5	Pun_intended	
eng	5	SHamp	
eng	5	Sereptie	
eng	5	Shiawase	
eng	5	Sisial	
eng	5	Source_Benedict_1921	
eng	5	Source_VOA	
eng	5	Sumyjkl	
eng	5	Tabasco1999	
eng	5	Tappity	
eng	5	Trailsend	
eng	5	VCatmur	
eng	5	Vincinho	
eng	5	WestofEden	
eng	5	WilliamKwok	
eng	5	aka_aj	
eng	5	alec	
eng	5	alester237	
eng	5	anjin	
eng	5	archer_root	
eng	5	ashmoran	
eng	5	avidrucker	
eng	5	bart	
eng	5	beaushiny	
eng	5	benavery	
eng	5	blay_paul	
eng	5	bluepie88	
eng	5	bmorsello	
eng	5	bobking12	
eng	5	brad	
eng	5	brymck	
eng	5	candistyx	
eng	5	caspian	
eng	5	celeriac	
eng	5	chajadan	
eng	5	chiedegozaru	
eng	5	chubbard	
eng	5	cntrational	
eng	5	coerce1	
eng	5	darinmex	
eng	5	davearms	
eng	5	dgibbons	
eng	5	dibdin	
eng	5	djinni74	
eng	5	drahcir	
eng	5	driada	
eng	5	eastasiastudent	
eng	5	emilykamalei	
eng	5	emmettricks	
eng	5	englishchinese	
eng	5	eric_vandenburg	
eng	5	erikspen	
eng	5	eslanguage	
eng	5	etala	
eng	5	eternica	
eng	5	etoile	
eng	5	fcbond	
eng	5	fengli	
eng	5	ferka	
eng	5	furoraceltica	
eng	5	glenarcher	
eng	5	gone2bacolod	
eng	5	grahambond	
eng	5	halfb1t	
eng	5	higehiru	
eng	5	hoffmania	
eng	5	honestlang	
eng	5	ihdh	
eng	5	iifle	
eng	5	ingenius000	
eng	5	inkedpolyglot	
eng	5	irrationale	
eng	5	j0rd4nkzf	
eng	5	jamessilver	
eng	5	jeanne	
eng	5	jeremy	
eng	5	jgauthier	
eng	5	jkao	
eng	5	joeycrunch	
eng	5	jpshepherd	
eng	5	kamaxwel	
eng	5	kebukebu	
eng	5	kotobaboke	
eng	5	maiyag	
eng	5	marshmallowcat	
eng	5	martinnicholson	
eng	5	meiko452	
eng	5	memries	
eng	5	merlin	
eng	5	mhattick	
eng	5	microcode	
eng	5	miflhanc	
eng	5	mikecash	
eng	5	nadsat	
eng	5	nagoyablue	
eng	5	natexh	
eng	5	odiernod	
eng	5	onyxite	
eng	5	origami10	
eng	5	papabear	
eng	5	pauldhunt	
eng	5	petersmr	
eng	5	piksea	
eng	5	pleidian	
eng	5	quickfitter	
eng	5	ramen	
eng	5	rkqb	
eng	5	russell359	
eng	5	saasmath	
eng	5	sans	
eng	5	serendipity42	
eng	5	skutieos	
eng	5	slats	
eng	5	smdean	
eng	5	soj4l	
eng	5	speedwell	
eng	5	spockofvulcan	
eng	5	tabidots	
eng	5	teapot	
eng	5	teek	
eng	5	tomkun01	
eng	5	treskro3	
eng	5	ulyssemc1	
eng	5	upsidedowngirl	
eng	5	usagi	
eng	5	vijar82	
eng	5	voksa	
eng	5	wittleghoul	
eng	5	wma	
eng	5	wrarshad91	
eng	5	wwkudu	
eng	5	xellugis	
eng	5	xiaomo	
eng	5	yifen238	
eng	5	yuya	
est	5	Nuella	
est	5	maari	
eus	5	Txopi	
fin	5	Abla	
fin	5	Anteroinen	
fin	5	AzureFlowers	
fin	5	Flarona	
fin	5	Raitiovainu	
fin	5	RiittaV	
fin	5	Tipi	
fin	5	anempekk	
fin	5	inkku	
fin	5	lakeinen	
fin	5	oeblink	
fin	5	sae	
fin	5	satu76	
fin	5	sulkami	
fin	5	viljami	
fra	5	AlgideAmygdale	
fra	5	Alico	
fra	5	Anthaus	
fra	5	Anthony	
fra	5	Apex	
fra	5	BigMouse	
fra	5	Christiane	
fra	5	Christophe	
fra	5	Corvus	
fra	5	Despear	
fra	5	Dreamk33	
fra	5	Ellis	
fra	5	Elliv	
fra	5	Filcxjo	
fra	5	Freyja	
fra	5	GeeZ	
fra	5	Goofy	
fra	5	Guilmaeire	
fra	5	Hel	
fra	5	Hikari	
fra	5	Jio15	
fra	5	KeepYourEyesPeeled	
fra	5	LowMemory	
fra	5	Lulantis	
fra	5	Nennella	
fra	5	Nicolas_Raoul	
fra	5	NomadSoul	
fra	5	Nucleos	
fra	5	Paiooooo	
fra	5	Petro1	
fra	5	Popolon	
fra	5	Quazel	
fra	5	RoiOfTheSuisse	
fra	5	Romira	
fra	5	SUZIE	
fra	5	Sebastien	
fra	5	Shyrion	
fra	5	Sibelius	
fra	5	Sushiman	
fra	5	Tcha	
fra	5	Vercingetorix	
fra	5	Wakano	
fra	5	Wittydev	
fra	5	adlerq	
fra	5	ahtapot	
fra	5	ajira86	
fra	5	altebrilas	
fra	5	aratos	
fra	5	arlene	
fra	5	arnxy20	
fra	5	belgavox	
fra	5	bourdu	
fra	5	bout	
fra	5	cedo	
fra	5	eddiegab	
fra	5	elgranjuego	
fra	5	franzmimm	
fra	5	gall	
fra	5	gorgmah	
fra	5	hirymnak	
fra	5	hortusdei	
fra	5	iris	
fra	5	jcgillet	
fra	5	jehaislescookies	
fra	5	jerom	
fra	5	kilwann	
fra	5	kitanokuma	
fra	5	kiyo	
fra	5	le_petit_ane_gris	
fra	5	littlejohn_75	
fra	5	mamat	
fra	5	manuchko	
fra	5	marcp	
fra	5	mayliu	
fra	5	melospawn	
fra	5	mifonto	
fra	5	minti	
fra	5	nekouma	
fra	5	parquette	
fra	5	pasquet_fernando	
fra	5	phil77	
fra	5	rene1596	
fra	5	rtroisgr	
fra	5	sciuro	
fra	5	slist	
fra	5	stomate	
fra	5	tabiste	
fra	5	trotter	
fra	5	tsani	
glg	5	Woden	
glg	5	rosa	
glg	5	vagalume55	
heb	5	Dardasavta	
heb	5	Geek_God	
heb	5	RoyTek	
heb	5	YoavR	
heb	5	admor82	
heb	5	gkh	
heb	5	mihxal	
heb	5	mimiamir	
heb	5	omiros	
hin	5	anubhav93	
hin	5	kbharat1307	
hin	5	minshirui	
hin	5	nurendra	
hin	5	pranjal710	
hin	5	vijaysharma	
hrv	5	ZeroG	
hrv	5	akvo	
hrv	5	billy_boomo_2	
hun	5	Anjo	
hun	5	Farkas	
hun	5	Goe	
hun	5	Goldoon	
hun	5	PMkriszta	
hun	5	PajerBoro	
hun	5	Pajer_Boro	
hun	5	SnipsyStripes	
hun	5	adam8752	
hun	5	barbibaba	
hun	5	cerige	
hun	5	csabus	
hun	5	debian2007	
hun	5	eliza	
hun	5	foolzizz	
hun	5	gabci255	
hun	5	gombost	
hun	5	gosh72	
hun	5	jingwumen	
hun	5	keira_n	
hun	5	kohanyirobert	
hun	5	kolin2009	
hun	5	krisz89	
hun	5	mailtotib	
hun	5	mutantgoat	
hun	5	numen	
hun	5	okt01	
hun	5	pityokas	
hun	5	scipyo	
hun	5	simbal	
hun	5	solis	
hun	5	tikopa	
hun	5	tollitamas	
hun	5	tommg	
hun	5	vom_Mond	
ind	5	ajid	
ind	5	asambul	
ind	5	frogprincess	
ind	5	hayabusa_future	
ind	5	lewis	
ind	5	medduki	
ind	5	nasirusman	
ind	5	pryo	
ind	5	umarsaid	
isl	5	Kristofer	
isl	5	Swift	
isl	5	andrioid	
ita	5	Bibi81	
ita	5	Boncko	
ita	5	Cero	
ita	5	Heracleum	
ita	5	Kvantumo	
ita	5	Reginadellefate	
ita	5	Shadd	
ita	5	Tradukero	
ita	5	Twity	
ita	5	ValentinaM	
ita	5	Vallysing	
ita	5	alesimpa	
ita	5	anais	
ita	5	aressa_italy	
ita	5	bruno_b	
ita	5	davzog	
ita	5	ghetta	
ita	5	giok	
ita	5	giullina	
ita	5	graphite	
ita	5	hitori37	
ita	5	hwarang	
ita	5	iltrex	
ita	5	julius26	
ita	5	leonardo	
ita	5	marco87	
ita	5	marcospinello	
ita	5	martin	
ita	5	meursault	
ita	5	miccap	
ita	5	riccioberto	
ita	5	shoras	
ita	5	sixtynine	
ita	5	xicotenga	
ita	5	zhou24	
jpn	5	Amuro	
jpn	5	Ariel131	
jpn	5	Blanka_Meduzo	
jpn	5	CHNO	
jpn	5	Fukuko	
jpn	5	Hirashiki	
jpn	5	Ianagisacos	
jpn	5	Jewel	
jpn	5	Kalamunda	
jpn	5	Nekonari	
jpn	5	OrangeTart	
jpn	5	Rie1023	
jpn	5	Tadafumi	
jpn	5	TomoyukiTanaka	
jpn	5	Unaden	
jpn	5	Yamamoto_Noboru	
jpn	5	birdie	
jpn	5	chaDQI	
jpn	5	ckmr	
jpn	5	cogas	
jpn	5	etecachegois	
jpn	5	fouafouadougou	
jpn	5	fuyushika	
jpn	5	hambird	
jpn	5	heppoko1987	
jpn	5	hutian	
jpn	5	ki	
jpn	5	mandel59	
jpn	5	maya_jura	
jpn	5	mogeyama	
jpn	5	mookeee	
jpn	5	natsume	
jpn	5	nhanquinho	
jpn	5	nnaffu	
jpn	5	odango_daisuki	
jpn	5	qahwa	
jpn	5	saturo	
jpn	5	shebai	
jpn	5	taiyou	
jpn	5	tamahome	
jpn	5	thyc244	
jpn	5	tokyomaths	
jpn	5	tomo	
jpn	5	vastalto	
jpn	5	vicky_arancia	
jpn	5	wool	
kab	5	Htakfarinas	
kat	5	Hertz	
kor	5	JanAson	
kor	5	jayjaying	
kor	5	thomaspark	
kur	5	Keder	
lit	5	Nezinia	
lit	5	kotik	
lvs	5	UK	
mal	5	ANEESNT	
mal	5	jjrodz	
mal	5	rsankarpillai	
nds	5	slomox	
nld	5	Akradna	
nld	5	AndreoPeetermans	
nld	5	DerpyHooves	
nld	5	Henkert	
nld	5	Insania	
nld	5	MSWindowsinside	
nld	5	ReneeMona	
nld	5	Vulgaris	
nld	5	alvi	
nld	5	anders	
nld	5	corani	
nld	5	hurdsean	
nld	5	jjbraam	
nld	5	koosscharroo	
nld	5	kredability	
nld	5	nilfisq	
nld	5	otterbaskets	
nld	5	phiz	
nld	5	rabbel	
nld	5	shishikyuu	
nob	5	Combine988	
nob	5	Tokkyun	
nob	5	Tyriflis	
nob	5	aliccce	
nob	5	contour	
nob	5	gurobu	
nob	5	janni	
nob	5	maja	
pes	5	AchillePoirot	
pes	5	AsliAbbasi	
pes	5	EsperantoFarsi_Robot	
pes	5	Esperantodan	
pes	5	Mahmud	
pes	5	armandaneshjoo	
pes	5	ghasemkiani	
pes	5	hamid	
pes	5	pedrampc68	
pes	5	pliiganto	
pes	5	yas_dj	
pol	5	AdamG	
pol	5	Dany74PL	
pol	5	Deasmond	
pol	5	Flieg	
pol	5	Geneza	
pol	5	Inci	
pol	5	Janka	
pol	5	Karola	
pol	5	Koen	
pol	5	Larin	
pol	5	MarcinF	
pol	5	Ollie1337	
pol	5	Pacio	
pol	5	Pandista	
pol	5	SilvX	
pol	5	Sonix	
pol	5	StanislawMandrak	
pol	5	TopMan	
pol	5	Wessnosa	
pol	5	Wu	
pol	5	aseeon	
pol	5	bajolo	
pol	5	bbm	
pol	5	buari	
pol	5	calmanani	
pol	5	camilozeta	
pol	5	chemski	
pol	5	customic	
pol	5	cvbge	
pol	5	czas_i_styl	
pol	5	damc	
pol	5	damienix	
pol	5	dryhay	
pol	5	emmedi	
pol	5	esperanta	
pol	5	fialastelo	
pol	5	gadeon	
pol	5	gregloby	
pol	5	hebrajska	
pol	5	ignacy130	
pol	5	inez	
pol	5	k4lafior	
pol	5	kertoip	
pol	5	kosapehape	
pol	5	kule	
pol	5	lauburu	
pol	5	lde	
pol	5	lukaszpp	
pol	5	marines	
pol	5	mayahueli	
pol	5	nectarine_queen	
pol	5	orzechowski	
pol	5	pavpi	
pol	5	pedzi	
pol	5	perry	
pol	5	procroco	
pol	5	rgap11	
pol	5	sapper	
pol	5	sensitivecherry	
pol	5	silvermane	
pol	5	simaqian	
pol	5	starzykj	
pol	5	times	
pol	5	yessoos	
por	5	Bruno_Lopes	
por	5	Celio	
por	5	Dark	
por	5	DracoKall	
por	5	FernandoMaiaJr	
por	5	Flarioca	
por	5	Gustavo	
por	5	Henmesq	
por	5	Holves	
por	5	IsabelleRain	
por	5	KenBr	
por	5	Livonor	
por	5	Luciosp	
por	5	Luiz	
por	5	Masantana	
por	5	POLIGLOTA	
por	5	Ueltatoeba2014	
por	5	VilhelmsPort	
por	5	Wolgoon	
por	5	alexmaur	
por	5	alicup	
por	5	alvren	
por	5	carlo	
por	5	claudiofreitas	
por	5	edson1267camaforte	
por	5	elencw	
por	5	filipos	
por	5	flavio78	
por	5	gleydin	
por	5	lazymoose	
por	5	lucas	
por	5	marcusps	
por	5	marloncori	
por	5	martins	
por	5	mokangwei	
por	5	nowasky	
por	5	oleckramo	
por	5	rafael8243	
por	5	raissalima	
por	5	roger_rf	
por	5	sugoi	
por	5	talamao	
por	5	une_monica	
por	5	vipiai	
ron	5	Ewan2	
ron	5	adynee	
ron	5	dmf	
ron	5	ijikure2	
ron	5	kibabubu	
ron	5	koosy	
ron	5	poxa	
ron	5	xLilithx	
ron	5	zgarbas	
rus	5	ABChessel	
rus	5	Akita	
rus	5	Aleksander	
rus	5	Ann74	
rus	5	Aqn	
rus	5	Avelesy	
rus	5	Chus	
rus	5	Fajro_Ruso	
rus	5	Gal	
rus	5	GranD	
rus	5	Keiden	
rus	5	Korvin	
rus	5	Kostia	
rus	5	Lenin_1917	
rus	5	Lili691	
rus	5	Lycoris	
rus	5	Mictlantecuhtli	
rus	5	MikaM	
rus	5	Mira	
rus	5	Netka	
rus	5	OlgaElwen	
rus	5	Olya	
rus	5	Pikkolo	
rus	5	RU	
rus	5	Tonari	
rus	5	Tretiz	
rus	5	Vokabre	
rus	5	Wadimiy	
rus	5	Yanka	
rus	5	ainurshakirov	
rus	5	alchep51	
rus	5	aleph	
rus	5	andrewshtolz	
rus	5	arseniiv	
rus	5	ashulga	
rus	5	astynk	
rus	5	awiz	
rus	5	beshine	
rus	5	caraokey	
rus	5	chispa	
rus	5	dmishin	
rus	5	drewhka	
rus	5	elsteris	
rus	5	estong	
rus	5	everlasting	
rus	5	joulin	
rus	5	katjka	
rus	5	kobylkin	
rus	5	mpffll	
rus	5	nami	
rus	5	poji	
rus	5	psykami	
rus	5	salikh	
rus	5	sinichka	
rus	5	snds24	
rus	5	sonick_rnd	
rus	5	souris_qui_rit	
rus	5	stariy	
rus	5	tania_soleil	
rus	5	tien_oroniel	
rus	5	timsa	
rus	5	timurmercansky	
rus	5	tony	
rus	5	unholywhale	
rus	5	urusu_tom	
rus	5	villard85	
rus	5	yaroslav	
rus	5	zalaim	
rus	5	zwhzwh	
sah	5	Halan	
slk	5	Rukkee	
slk	5	inet	
slk	5	springfield	
slv	5	Ashucky	
slv	5	sparks	
spa	5	AMIKEMA	
spa	5	Aether	
spa	5	Agar	
spa	5	AgentGreen	
spa	5	Alpha	
spa	5	Andranik	
spa	5	Angel_VV	
spa	5	Apaxito	
spa	5	Calvo	
spa	5	Coyolxauhqui	
spa	5	Daga007	
spa	5	DanaDescalza	
spa	5	Darukeru	
spa	5	Eckhardtgabriel	
spa	5	El_mas_capo	
spa	5	Elenitigormiti	
spa	5	Ephraim	
spa	5	Fanki	
spa	5	FiRez	
spa	5	GustavoDC	
spa	5	Haydeeakin	
spa	5	HikkiSakura	
spa	5	Hohen	
spa	5	IXTLA	
spa	5	Ignatius881	
spa	5	Joseshka	
spa	5	Lakeseayesno	
spa	5	Luthien72	
spa	5	MiGatoSeneca	
spa	5	Mitsukii	
spa	5	Munia	
spa	5	Narda	
spa	5	Nersis	
spa	5	P_Scipio	
spa	5	Rafp	
spa	5	Ragal	
spa	5	Reiha	
spa	5	Sarita	
spa	5	Sonoriuxo	
spa	5	Violin	
spa	5	abu3	
spa	5	ajmy11	
spa	5	aliamondano	
spa	5	alicia	
spa	5	arashi_29	
spa	5	azulmarino	
spa	5	bichodebola	
spa	5	biibi	
spa	5	camilou	
spa	5	cariito	
spa	5	chinopinyin	
spa	5	colonqn	
spa	5	dabth	
spa	5	danilo	
spa	5	dexiee	
spa	5	el_vecino	
spa	5	felipeselles	
spa	5	fgreco	
spa	5	gdaniel	
spa	5	hundo	
spa	5	ikarias	
spa	5	inmachan	
spa	5	japegon	
spa	5	javc_86	
spa	5	jorgearestrepo	
spa	5	joronoso	
spa	5	kokorosama	
spa	5	krash	
spa	5	kuma	
spa	5	labatteg	
spa	5	laserchanto	
spa	5	letras_de_aire	
spa	5	lorcon	
spa	5	ltsiros	
spa	5	mane	
spa	5	marinoli	
spa	5	migueltoledo86	
spa	5	mrc3306	
spa	5	naikodemus	
spa	5	nancy	
spa	5	nullsoul9	
spa	5	opor	
spa	5	pabloignacio	
spa	5	pilotcdmark	
spa	5	quarzoliquido	
spa	5	rafmagon	
spa	5	rafmen	
spa	5	ryuzaki	
spa	5	sarostegui	
spa	5	sharin	
spa	5	smao	
spa	5	ssc73	
spa	5	tatoerique	
spa	5	termito2nd	
spa	5	topofabi	
spa	5	ventana	
spa	5	washisnein	
spa	5	wiichi	
spa	5	zorder	
srp	5	Ninche	
srp	5	mrdax	
srp	5	neron	
srp	5	suzailirok	
swe	5	Amabayashi	
swe	5	Coedwig	
swe	5	Don	
swe	5	Don3187	
swe	5	Fargy	
swe	5	GuSec	
swe	5	Hanna	
swe	5	HannesP	
swe	5	Lazzlo	
swe	5	Mauritz	
swe	5	Milja	
swe	5	Ribon	
swe	5	Scriptor	
swe	5	Tobberoth	
swe	5	arahlen	
swe	5	iNfestedOne	
swe	5	jongausib	
swe	5	sanda	
swe	5	yosia49	
tat	5	Abeotat1948	
tgl	5	gracefully	
tgl	5	ichivivi20	
tgl	5	ratatat	
tha	5	rootEnginear	
tur	5	Ahmet	
tur	5	ConqueRRoR	
tur	5	Cookiejardino	
tur	5	Denizar	
tur	5	Efsun	
tur	5	Galadedrid	
tur	5	Haydar	
tur	5	Katabasis	
tur	5	Merttolunay	
tur	5	TestimoVida	
tur	5	Tom13	
tur	5	animyrch	
tur	5	aydink	
tur	5	biber	
tur	5	bilginhalil	
tur	5	boracasli	
tur	5	busraordu1	
tur	5	cadininbiri	
tur	5	demremustafa	
tur	5	diviner	
tur	5	ekran	
tur	5	eminyilmazki	
tur	5	esso	
tur	5	estambulista	
tur	5	fgedikli	
tur	5	fjrjdk	
tur	5	freefighter	
tur	5	goksun	
tur	5	jorro	
tur	5	kyusufsami	
tur	5	learnaspossible	
tur	5	mayon	
tur	5	meinung44	
tur	5	misshii	
tur	5	mmanyak	
tur	5	msami	
tur	5	muatik	
tur	5	nergis	
tur	5	neytiri	
tur	5	ocos	
tur	5	selfish	
tur	5	turkaranto	
tur	5	turklehceleri	
tur	5	yavuz	
uig	5	ksuyghur	
uig	5	tarim222	
ukr	5	ChickenKiev	
ukr	5	JeNNeR	
ukr	5	Qermit	
ukr	5	Squaw	
ukr	5	ascolto	
ukr	5	marko	
ukr	5	menix	
ukr	5	mutternoise	
ukr	5	quez	
ukr	5	sakhnik	
ukr	5	uaspeaker	
ukr	5	zinova	
urd	5	Akmal_Butt	
vie	5	Aomori	
vie	5	bluesapphjre	
vie	5	chemgio_2001123	
vie	5	dreznovk	
vie	5	haibuihoang	
vie	5	ngbaanh	
vie	5	ngocdaothanh	
vie	5	nthkmf	
wuu	5	yuya	
xal	5	Tsetseg	
yue	5	tigro1973	
yue	5	uhasan	
zsm	5	buddy6621	
